{"cameraMode":{"drawMode":0,"name":"Shaded","section":"Shading Mode"},"sceneLighting":false,"audioPlay":false,"sceneViewState":{"showFog":true,"showMaterialUpdate":true,"showSkybox":false,"showFlares":true,"showImageEffects":true,"showParticleSystems":true},"in2DMode":false,"pivot":{"x":0.0011817802442237735,"y":0.8348113894462586,"z":0.8464817404747009},"rotation":{"x":0.28625252842903139,"y":-0.11519952863454819,"z":0.03469168394804001,"w":0.950577437877655},"size":0.5441821813583374,"orthographic":false}