{"cameraMode":{"drawMode":0,"name":"Shaded","section":"Shading Mode"},"sceneLighting":false,"audioPlay":false,"sceneViewState":{"showFog":true,"showMaterialUpdate":true,"showSkybox":false,"showFlares":true,"showImageEffects":true,"showParticleSystems":true},"in2DMode":false,"pivot":{"x":-40.60433578491211,"y":-16.026050567626954,"z":0.49043354392051699},"rotation":{"x":-0.16206258535385133,"y":0.644727349281311,"z":-0.1424814611673355,"w":-0.7333258986473084},"size":26.573780059814454,"orthographic":false}