{"cameraMode":{"drawMode":0,"name":"Shaded","section":"Shading Mode"},"sceneLighting":false,"audioPlay":false,"sceneViewState":{"showFog":true,"showMaterialUpdate":true,"showSkybox":false,"showFlares":true,"showImageEffects":true,"showParticleSystems":true},"in2DMode":false,"pivot":{"x":0.0,"y":5.109316825866699,"z":-9.5367431640625e-7},"rotation":{"x":0.05571857839822769,"y":0.23061639070510865,"z":-0.013228491879999638,"w":0.9713646769523621},"size":15.036792755126954,"orthographic":false}