{"cameraMode":{"drawMode":0,"name":"Shaded","section":"Shading Mode"},"sceneLighting":false,"audioPlay":false,"sceneViewState":{"showFog":true,"showMaterialUpdate":true,"showSkybox":false,"showFlares":true,"showImageEffects":true,"showParticleSystems":true},"in2DMode":false,"pivot":{"x":6.029117584228516,"y":-0.9743722081184387,"z":-3.9428932666778566},"rotation":{"x":0.050171975046396258,"y":0.8047535419464111,"z":-0.06873339414596558,"w":0.5874930024147034},"size":7.071068286895752,"orthographic":false}