{"cameraMode":{"drawMode":0,"name":"Shaded","section":"Shading Mode"},"sceneLighting":false,"audioPlay":false,"sceneViewState":{"showFog":true,"showMaterialUpdate":true,"showSkybox":false,"showFlares":true,"showImageEffects":true,"showParticleSystems":true},"in2DMode":false,"pivot":{"x":-6.125491619110107,"y":1.6975839138031006,"z":-0.3247106671333313},"rotation":{"x":0.03434585779905319,"y":-0.6127728819847107,"z":0.026672353968024255,"w":0.7890602946281433},"size":11.775403022766114,"orthographic":false}