{"cameraMode":{"drawMode":0,"name":"Shaded","section":"Shading Mode"},"sceneLighting":false,"audioPlay":false,"sceneViewState":{"showFog":true,"showMaterialUpdate":true,"showSkybox":false,"showFlares":true,"showImageEffects":true,"showParticleSystems":true},"in2DMode":false,"pivot":{"x":4.234043121337891,"y":-2.1730453968048097,"z":5.585814952850342},"rotation":{"x":0.1498064249753952,"y":0.22593705356121064,"z":-0.03520505130290985,"w":0.9619214534759522},"size":5.049753665924072,"orthographic":false}