{"cameraMode":{"drawMode":0,"name":"Shaded","section":"Shading Mode"},"sceneLighting":false,"audioPlay":false,"sceneViewState":{"showFog":true,"showMaterialUpdate":true,"showSkybox":false,"showFlares":true,"showImageEffects":true,"showParticleSystems":true},"in2DMode":false,"pivot":{"x":10.989838600158692,"y":-6.919753074645996,"z":-5.576374530792236},"rotation":{"x":0.2051624208688736,"y":0.6074417233467102,"z":-0.1663522869348526,"w":0.7491751909255981},"size":12.02595329284668,"orthographic":false}