{"cameraMode":{"drawMode":0,"name":"Shaded","section":"Shading Mode"},"sceneLighting":false,"audioPlay":false,"sceneViewState":{"showFog":true,"showMaterialUpdate":true,"showSkybox":false,"showFlares":true,"showImageEffects":true,"showParticleSystems":true},"in2DMode":false,"pivot":{"x":1.2982923984527588,"y":0.7336580753326416,"z":0.768620491027832},"rotation":{"x":0.2672908902168274,"y":0.09003183245658875,"z":-0.025094550102949144,"w":0.9590796828269959},"size":0.971303403377533,"orthographic":false}