{"cameraMode":{"drawMode":0,"name":"Shaded","section":"Shading Mode"},"sceneLighting":false,"audioPlay":false,"sceneViewState":{"showFog":true,"showMaterialUpdate":true,"showSkybox":false,"showFlares":true,"showImageEffects":true,"showParticleSystems":true},"in2DMode":false,"pivot":{"x":0.0705263689160347,"y":-6.981556415557861,"z":1.8947734832763672},"rotation":{"x":-0.5545815229415894,"y":0.0803326815366745,"z":-0.05390319600701332,"w":-0.8264945149421692},"size":7.071068286895752,"orthographic":false}