{"cameraMode":{"drawMode":0,"name":"Shaded","section":"Shading Mode"},"sceneLighting":false,"audioPlay":false,"sceneViewState":{"showFog":true,"showMaterialUpdate":true,"showSkybox":false,"showFlares":true,"showImageEffects":true,"showParticleSystems":true},"in2DMode":false,"pivot":{"x":0.027219317853450776,"y":-0.07882195711135864,"z":-0.5670948028564453},"rotation":{"x":-0.21221870183944703,"y":0.20892632007598878,"z":-0.046501439064741138,"w":-0.9534952044487},"size":0.11824161559343338,"orthographic":false}