{"cameraMode":{"drawMode":0,"name":"Shaded","section":"Shading Mode"},"sceneLighting":false,"audioPlay":false,"sceneViewState":{"showFog":true,"showMaterialUpdate":true,"showSkybox":false,"showFlares":true,"showImageEffects":true,"showParticleSystems":true},"in2DMode":false,"pivot":{"x":-0.023740578442811967,"y":-0.9830002784729004,"z":0.0003000260330736637},"rotation":{"x":0.07695843279361725,"y":0.6588107943534851,"z":-0.06803067773580551,"w":0.7452685236930847},"size":0.05940096825361252,"orthographic":false}