{"cameraMode":{"drawMode":0,"name":"Shaded","section":"Shading Mode"},"sceneLighting":false,"audioPlay":false,"sceneViewState":{"showFog":true,"showMaterialUpdate":true,"showSkybox":true,"showFlares":true,"showImageEffects":true,"showParticleSystems":true},"in2DMode":false,"pivot":{"x":373.6209411621094,"y":124.2997055053711,"z":102.42212677001953},"rotation":{"x":0.027295885607600213,"y":0.007797065656632185,"z":-0.00021316266793292016,"w":0.9995980262756348},"size":193.9989776611328,"orthographic":false}