{"cameraMode":{"drawMode":0,"name":"Shaded","section":"Shading Mode"},"sceneLighting":false,"audioPlay":false,"sceneViewState":{"showFog":true,"showMaterialUpdate":true,"showSkybox":false,"showFlares":true,"showImageEffects":true,"showParticleSystems":true},"in2DMode":false,"pivot":{"x":-1.034041404724121,"y":0.2642078399658203,"z":0.8292348384857178},"rotation":{"x":0.19926197826862336,"y":0.5042328834533691,"z":-0.12083949893712998,"w":0.8315433263778687},"size":7.744045734405518,"orthographic":false}