{"cameraMode":{"drawMode":0,"name":"Shaded","section":"Shading Mode"},"sceneLighting":false,"audioPlay":false,"sceneViewState":{"showFog":true,"showMaterialUpdate":true,"showSkybox":false,"showFlares":true,"showImageEffects":true,"showParticleSystems":true},"in2DMode":false,"pivot":{"x":0.39812979102134707,"y":0.7381079792976379,"z":-5.678808689117432},"rotation":{"x":0.007783634588122368,"y":0.7609871625900269,"z":-0.009131894446909428,"w":0.6486769914627075},"size":5.049752235412598,"orthographic":false}