{"cameraMode":{"drawMode":0,"name":"Shaded","section":"Shading Mode"},"sceneLighting":false,"audioPlay":false,"sceneViewState":{"showFog":true,"showMaterialUpdate":true,"showSkybox":false,"showFlares":true,"showImageEffects":true,"showParticleSystems":true},"in2DMode":false,"pivot":{"x":373.9093933105469,"y":203.89694213867188,"z":-2.48895263671875},"rotation":{"x":0.11667625606060028,"y":0.031281355768442157,"z":-0.0036744780372828247,"w":0.9926853179931641},"size":361.7113037109375,"orthographic":false}