{"cameraMode":{"drawMode":0,"name":"Shaded","section":"Shading Mode"},"sceneLighting":false,"audioPlay":false,"sceneViewState":{"showFog":true,"showMaterialUpdate":true,"showSkybox":false,"showFlares":true,"showImageEffects":true,"showParticleSystems":true},"in2DMode":false,"pivot":{"x":0.19747589528560639,"y":0.6449956297874451,"z":-1.6566585302352906},"rotation":{"x":0.1326662003993988,"y":0.6606302261352539,"z":-0.12021298706531525,"w":0.7290541529655457},"size":5.049753665924072,"orthographic":false}