{"cameraMode":{"drawMode":0,"name":"Shaded","section":"Shading Mode"},"sceneLighting":false,"audioPlay":false,"sceneViewState":{"showFog":true,"showMaterialUpdate":true,"showSkybox":false,"showFlares":true,"showImageEffects":true,"showParticleSystems":true},"in2DMode":false,"pivot":{"x":0.14621394872665406,"y":0.1320139765739441,"z":-3.4110310077667238},"rotation":{"x":-0.17565743625164033,"y":-0.6887704133987427,"z":0.17778058350086213,"w":-0.6805436015129089},"size":5.049753665924072,"orthographic":false}