{"cameraMode":{"drawMode":0,"name":"Shaded","section":"Shading Mode"},"sceneLighting":false,"audioPlay":false,"sceneViewState":{"showFog":true,"showMaterialUpdate":true,"showSkybox":false,"showFlares":true,"showImageEffects":true,"showParticleSystems":true},"in2DMode":false,"pivot":{"x":-0.023740530014038087,"y":0.5242452621459961,"z":-0.0011674314737319947},"rotation":{"x":0.32988083362579348,"y":0.16977351903915406,"z":-0.06043768301606178,"w":0.9266660809516907},"size":0.0597650408744812,"orthographic":false}