{"cameraMode":{"drawMode":0,"name":"Shaded","section":"Shading Mode"},"sceneLighting":false,"audioPlay":false,"sceneViewState":{"showFog":true,"showMaterialUpdate":true,"showSkybox":false,"showFlares":true,"showImageEffects":true,"showParticleSystems":true},"in2DMode":false,"pivot":{"x":3.7554638385772707,"y":-1.7187047004699708,"z":-5.121857643127441},"rotation":{"x":0.12148559838533402,"y":-0.663881242275238,"z":0.11054489761590958,"w":0.7295783162117004},"size":5.049753665924072,"orthographic":false}