{"cameraMode":{"drawMode":0,"name":"Shaded","section":"Shading Mode"},"sceneLighting":false,"audioPlay":false,"sceneViewState":{"showFog":true,"showMaterialUpdate":true,"showSkybox":false,"showFlares":true,"showImageEffects":true,"showParticleSystems":true},"in2DMode":false,"pivot":{"x":183.125,"y":209.375,"z":0.000001430511474609375},"rotation":{"x":0.20554852485656739,"y":0.16296285390853883,"z":-0.03473229333758354,"w":0.9643742442131043},"size":70.71067810058594,"orthographic":false}