{"cameraMode":{"drawMode":0,"name":"Shaded","section":"Shading Mode"},"sceneLighting":false,"audioPlay":false,"sceneViewState":{"showFog":true,"showMaterialUpdate":true,"showSkybox":false,"showFlares":true,"showImageEffects":true,"showParticleSystems":true},"in2DMode":false,"pivot":{"x":19.436098098754884,"y":-8.608582496643067,"z":-0.5340812802314758},"rotation":{"x":0.1340978890657425,"y":0.6518336534500122,"z":-0.11861428618431092,"w":0.736928403377533},"size":16.359622955322267,"orthographic":false}