{"cameraMode":{"drawMode":0,"name":"Shaded","section":"Shading Mode"},"sceneLighting":false,"audioPlay":false,"sceneViewState":{"showFog":true,"showMaterialUpdate":true,"showSkybox":false,"showFlares":true,"showImageEffects":true,"showParticleSystems":true},"in2DMode":false,"pivot":{"x":-2.634455919265747,"y":2.8728554248809816,"z":1.6017303466796876},"rotation":{"x":-0.037760548293590549,"y":-0.360668808221817,"z":-0.014613429084420205,"w":0.9318209290504456},"size":8.981017112731934,"orthographic":false}