{"cameraMode":{"drawMode":0,"name":"Shaded","section":"Shading Mode"},"sceneLighting":false,"audioPlay":false,"sceneViewState":{"showFog":true,"showMaterialUpdate":true,"showSkybox":false,"showFlares":true,"showImageEffects":true,"showParticleSystems":true},"in2DMode":false,"pivot":{"x":0.9426040649414063,"y":1.5928890705108643,"z":9.185327529907227},"rotation":{"x":0.03713358938694,"y":0.18538665771484376,"z":-0.007010693661868572,"w":0.9819453954696655},"size":14.177447319030762,"orthographic":false}